model;outcome;spec;term;coefficient;effect_IRR;standard_error;confidence_interval;ci_low_IRR;ci_high_IRR;p_value;n_observations;interpretation;extra
ITS-Poisson;Composite (манёвренные);MAY;post;0.80084;2.2274;0.23386;"[1.408; 3.523]";1.4084;3.5226;0.00062;122;скачок уровня: IRR=2.227, p=0.0006;
ITS-Poisson;Composite (манёвренные);MAY;time_after;0.02437;1.0247;0.00765;"[1.009; 1.040]";1.0094;1.0402;0.00146;122;изменение тренда: IRR=1.025, p=0.0015;
ITS-NegBin;Composite (манёвренные);MAY;post;0.79715;2.2192;0.23509;"[1.400; 3.518]";1.3999;3.5181;0.0007;122;скачок уровня: IRR=2.219, p=0.0007;
ITS-NegBin;Composite (манёвренные);MAY;time_after;0.02373;1.024;0.00765;"[1.009; 1.039]";1.0088;1.0395;0.00192;122;изменение тренда: IRR=1.024, p=0.0019;
ITS-Poisson;Нарушение разметки;MAY;post;1.38751;4.0049;0.41288;"[1.783; 8.996]";1.7829;8.9959;0.00078;122;скачок уровня: IRR=4.005, p=0.0008;
ITS-Poisson;Нарушение разметки;MAY;time_after;0.05321;1.0546;0.01173;"[1.031; 1.079]";1.0307;1.0792;1e-05;122;изменение тренда: IRR=1.055, p=0.0000;
ITS-NegBin;Нарушение разметки;MAY;post;1.31908;3.74;0.44558;"[1.562; 8.957]";1.5617;8.9569;0.00307;122;скачок уровня: IRR=3.740, p=0.0031;
ITS-NegBin;Нарушение разметки;MAY;time_after;0.05024;1.0515;0.0114;"[1.028; 1.075]";1.0283;1.0753;1e-05;122;изменение тренда: IRR=1.052, p=0.0000;
ITS-Poisson;Остановка/стоянка в неположенном месте;MAY;post;-0.12084;0.8862;0.28509;"[0.507; 1.550]";0.5068;1.5495;0.67167;122;скачок уровня: IRR=0.886, p=0.6717;
ITS-Poisson;Остановка/стоянка в неположенном месте;MAY;time_after;0.01102;1.0111;0.0093;"[0.993; 1.030]";0.9928;1.0297;0.23604;122;изменение тренда: IRR=1.011, p=0.2360;
ITS-NegBin;Остановка/стоянка в неположенном месте;MAY;post;-0.12089;0.8861;0.28638;"[0.506; 1.553]";0.5055;1.5533;0.67292;122;скачок уровня: IRR=0.886, p=0.6729;
ITS-NegBin;Остановка/стоянка в неположенном месте;MAY;time_after;0.01102;1.0111;0.00934;"[0.993; 1.030]";0.9927;1.0298;0.23824;122;изменение тренда: IRR=1.011, p=0.2382;
ITS-Poisson;Пересечение стоп-линии;MAY;post;0.71775;2.0498;0.1656;"[1.482; 2.836]";1.4817;2.8358;1e-05;122;скачок уровня: IRR=2.050, p=0.0000;
ITS-Poisson;Пересечение стоп-линии;MAY;time_after;0.00751;1.0075;0.00707;"[0.994; 1.022]";0.9937;1.0216;0.28797;122;изменение тренда: IRR=1.008, p=0.2880;
ITS-NegBin;Пересечение стоп-линии;MAY;post;0.71777;2.0499;0.16635;"[1.480; 2.840]";1.4795;2.84;2e-05;122;скачок уровня: IRR=2.050, p=0.0000;
ITS-NegBin;Пересечение стоп-линии;MAY;time_after;0.00751;1.0075;0.0071;"[0.994; 1.022]";0.9936;1.0217;0.2902;122;изменение тренда: IRR=1.008, p=0.2902;
ITS-Poisson;Движение по обочине;MAY;post;0.40718;1.5026;0.5387;"[0.523; 4.319]";0.5227;4.319;0.44973;122;скачок уровня: IRR=1.503, p=0.4497;
ITS-Poisson;Движение по обочине;MAY;time_after;-0.05941;0.9423;0.04607;"[0.861; 1.031]";0.861;1.0314;0.1972;122;изменение тренда: IRR=0.942, p=0.1972;
ITS-NegBin;Движение по обочине;MAY;post;0.56851;1.7656;0.46021;"[0.716; 4.352]";0.7164;4.3515;0.21671;122;скачок уровня: IRR=1.766, p=0.2167;
ITS-NegBin;Движение по обочине;MAY;time_after;-0.04128;0.9596;0.03099;"[0.903; 1.020]";0.903;1.0196;0.18278;122;изменение тренда: IRR=0.960, p=0.1828;
ITS-Poisson;Движение по выделенной полосе;MAY;post;0.75037;2.1178;0.20871;"[1.407; 3.188]";1.4068;3.1881;0.00032;122;скачок уровня: IRR=2.118, p=0.0003;
ITS-Poisson;Движение по выделенной полосе;MAY;time_after;0.02122;1.0214;0.00636;"[1.009; 1.034]";1.0088;1.0343;0.00085;122;изменение тренда: IRR=1.021, p=0.0008;
ITS-NegBin;Движение по выделенной полосе;MAY;post;0.75034;2.1177;0.21131;"[1.400; 3.204]";1.3996;3.2043;0.00038;122;скачок уровня: IRR=2.118, p=0.0004;
ITS-NegBin;Движение по выделенной полосе;MAY;time_after;0.02067;1.0209;0.00638;"[1.008; 1.034]";1.0082;1.0337;0.00119;122;изменение тренда: IRR=1.021, p=0.0012;
ITS-Poisson;Использование телефона за рулём;MAY;post;0.56194;1.7541;0.19484;"[1.197; 2.570]";1.1973;2.5698;0.00393;122;скачок уровня: IRR=1.754, p=0.0039;
ITS-Poisson;Использование телефона за рулём;MAY;time_after;0.01539;1.0155;0.00689;"[1.002; 1.029]";1.0019;1.0293;0.02546;122;изменение тренда: IRR=1.016, p=0.0255;
ITS-NegBin;Использование телефона за рулём;MAY;post;0.53565;1.7086;0.20822;"[1.136; 2.570]";1.136;2.5696;0.0101;122;скачок уровня: IRR=1.709, p=0.0101;
ITS-NegBin;Использование телефона за рулём;MAY;time_after;0.01602;1.0162;0.00708;"[1.002; 1.030]";1.0021;1.0304;0.02371;122;изменение тренда: IRR=1.016, p=0.0237;
ITS-Poisson;Превышение 20-40 км/ч;MAY;post;0.23332;1.2628;0.07191;"[1.097; 1.454]";1.0968;1.4539;0.00118;122;скачок уровня: IRR=1.263, p=0.0012;
ITS-Poisson;Превышение 20-40 км/ч;MAY;time_after;0.00166;1.0017;0.0021;"[0.998; 1.006]";0.9976;1.0058;0.42764;122;изменение тренда: IRR=1.002, p=0.4276;
ITS-NegBin;Превышение 20-40 км/ч;MAY;post;0.2284;1.2566;0.07952;"[1.075; 1.469]";1.0752;1.4685;0.00407;122;скачок уровня: IRR=1.257, p=0.0041;
ITS-NegBin;Превышение 20-40 км/ч;MAY;time_after;0.00167;1.0017;0.00221;"[0.997; 1.006]";0.9973;1.006;0.45082;122;изменение тренда: IRR=1.002, p=0.4508;
ITS-Poisson;Ремень безопасности;MAY;post;1.09896;3.001;0.23931;"[1.877; 4.797]";1.8774;4.7971;0.0;122;скачок уровня: IRR=3.001, p=0.0000;
ITS-Poisson;Ремень безопасности;MAY;time_after;-0.00813;0.9919;0.01014;"[0.972; 1.012]";0.9724;1.0118;0.42253;122;изменение тренда: IRR=0.992, p=0.4225;
ITS-NegBin;Ремень безопасности;MAY;post;1.11491;3.0493;0.23789;"[1.913; 4.861]";1.913;4.8607;0.0;122;скачок уровня: IRR=3.049, p=0.0000;
ITS-NegBin;Ремень безопасности;MAY;time_after;-0.00774;0.9923;0.00941;"[0.974; 1.011]";0.9742;1.0108;0.41059;122;изменение тренда: IRR=0.992, p=0.4106;
ITS-Poisson;Платная дорога;MAY;post;-1.2106;0.298;0.23064;"[0.190; 0.468]";0.1896;0.4684;0.0;122;скачок уровня: IRR=0.298, p=0.0000;
ITS-Poisson;Платная дорога;MAY;time_after;0.01208;1.0121;0.00803;"[0.996; 1.028]";0.9963;1.0282;0.1328;122;изменение тренда: IRR=1.012, p=0.1328;
ITS-NegBin;Платная дорога;MAY;post;-1.13632;0.321;0.1841;"[0.224; 0.460]";0.2238;0.4605;0.0;122;скачок уровня: IRR=0.321, p=0.0000;
ITS-NegBin;Платная дорога;MAY;time_after;0.00943;1.0095;0.00693;"[0.996; 1.023]";0.9959;1.0233;0.1735;122;изменение тренда: IRR=1.009, p=0.1735;
ITS-Poisson;Световые приборы;MAY;post;0.40621;1.5011;0.43797;"[0.636; 3.542]";0.6362;3.5418;0.35367;122;скачок уровня: IRR=1.501, p=0.3537;
ITS-Poisson;Световые приборы;MAY;time_after;-0.03873;0.962;0.03063;"[0.906; 1.022]";0.906;1.0215;0.20617;122;изменение тренда: IRR=0.962, p=0.2062;
ITS-NegBin;Световые приборы;MAY;post;0.42962;1.5367;0.44175;"[0.646; 3.653]";0.6465;3.6526;0.33078;122;скачок уровня: IRR=1.537, p=0.3308;
ITS-NegBin;Световые приборы;MAY;time_after;-0.03491;0.9657;0.03005;"[0.910; 1.024]";0.9105;1.0243;0.24529;122;изменение тренда: IRR=0.966, p=0.2453;
ITS-Poisson;Все нарушения;MAY;post;0.32233;1.3803;0.07803;"[1.185; 1.608]";1.1846;1.6084;4e-05;122;скачок уровня: IRR=1.380, p=0.0000;
ITS-Poisson;Все нарушения;MAY;time_after;0.00362;1.0036;0.00224;"[0.999; 1.008]";0.9992;1.008;0.10588;122;изменение тренда: IRR=1.004, p=0.1059;
ITS-NegBin;Все нарушения;MAY;post;0.32007;1.3772;0.08391;"[1.168; 1.623]";1.1684;1.6234;0.00014;122;скачок уровня: IRR=1.377, p=0.0001;
ITS-NegBin;Все нарушения;MAY;time_after;0.00355;1.0036;0.00223;"[0.999; 1.008]";0.9992;1.008;0.1109;122;изменение тренда: IRR=1.004, p=0.1109;
ITS-Poisson;Composite (манёвренные);JUN;post;-0.06402;0.938;0.09265;"[0.782; 1.125]";0.7822;1.1248;0.48959;122;скачок уровня: IRR=0.938, p=0.4896;
ITS-Poisson;Composite (манёвренные);JUN;time_after;-0.02036;0.9798;0.00416;"[0.972; 0.988]";0.9719;0.9879;0.0;122;изменение тренда: IRR=0.980, p=0.0000;
ITS-NegBin;Composite (манёвренные);JUN;post;-0.0573;0.9443;0.10232;"[0.773; 1.154]";0.7727;1.154;0.57549;122;скачок уровня: IRR=0.944, p=0.5755;
ITS-NegBin;Composite (манёвренные);JUN;time_after;-0.01964;0.9806;0.00439;"[0.972; 0.989]";0.9721;0.989;1e-05;122;изменение тренда: IRR=0.981, p=0.0000;
ITS-Poisson;Нарушение разметки;JUN;post;0.10921;1.1154;0.15798;"[0.818; 1.520]";0.8184;1.5202;0.48939;122;скачок уровня: IRR=1.115, p=0.4894;
ITS-Poisson;Нарушение разметки;JUN;time_after;-0.03524;0.9654;0.00709;"[0.952; 0.979]";0.952;0.9789;0.0;122;изменение тренда: IRR=0.965, p=0.0000;
ITS-NegBin;Нарушение разметки;JUN;post;0.14645;1.1577;0.18136;"[0.811; 1.652]";0.8114;1.6519;0.41938;122;скачок уровня: IRR=1.158, p=0.4194;
ITS-NegBin;Нарушение разметки;JUN;time_after;-0.03323;0.9673;0.00717;"[0.954; 0.981]";0.9538;0.981;0.0;122;изменение тренда: IRR=0.967, p=0.0000;
ITS-Poisson;Остановка/стоянка в неположенном месте;JUN;post;0.09001;1.0942;0.13705;"[0.836; 1.431]";0.8364;1.4314;0.51132;122;скачок уровня: IRR=1.094, p=0.5113;
ITS-Poisson;Остановка/стоянка в неположенном месте;JUN;time_after;0.0082;1.0082;0.00547;"[0.997; 1.019]";0.9975;1.0191;0.13383;122;изменение тренда: IRR=1.008, p=0.1338;
ITS-NegBin;Остановка/стоянка в неположенном месте;JUN;post;0.08993;1.0941;0.13766;"[0.835; 1.433]";0.8354;1.433;0.51357;122;скачок уровня: IRR=1.094, p=0.5136;
ITS-NegBin;Остановка/стоянка в неположенном месте;JUN;time_after;0.0082;1.0082;0.00549;"[0.997; 1.019]";0.9974;1.0191;0.13553;122;изменение тренда: IRR=1.008, p=0.1355;
ITS-Poisson;Пересечение стоп-линии;JUN;post;-0.40932;0.6641;0.11586;"[0.529; 0.833]";0.5292;0.8334;0.00041;122;скачок уровня: IRR=0.664, p=0.0004;
ITS-Poisson;Пересечение стоп-линии;JUN;time_after;-0.00965;0.9904;0.00495;"[0.981; 1.000]";0.9808;1.0001;0.05137;122;изменение тренда: IRR=0.990, p=0.0514;
ITS-NegBin;Пересечение стоп-линии;JUN;post;-0.40928;0.6641;0.11637;"[0.529; 0.834]";0.5287;0.8343;0.00044;122;скачок уровня: IRR=0.664, p=0.0004;
ITS-NegBin;Пересечение стоп-линии;JUN;time_after;-0.00965;0.9904;0.00498;"[0.981; 1.000]";0.9808;1.0001;0.05243;122;изменение тренда: IRR=0.990, p=0.0524;
ITS-Poisson;Движение по обочине;JUN;post;-1.22359;0.2942;0.34531;"[0.150; 0.579]";0.1495;0.5788;0.00039;122;скачок уровня: IRR=0.294, p=0.0004;
ITS-Poisson;Движение по обочине;JUN;time_after;-0.00041;0.9996;0.01295;"[0.975; 1.025]";0.9745;1.0253;0.97483;122;изменение тренда: IRR=1.000, p=0.9748;
ITS-NegBin;Движение по обочине;JUN;post;-1.23843;0.2898;0.35817;"[0.144; 0.585]";0.1436;0.5848;0.00054;122;скачок уровня: IRR=0.290, p=0.0005;
ITS-NegBin;Движение по обочине;JUN;time_after;-0.00058;0.9994;0.01314;"[0.974; 1.025]";0.974;1.0255;0.9646;122;изменение тренда: IRR=0.999, p=0.9646;
ITS-Poisson;Движение по выделенной полосе;JUN;post;-0.25029;0.7786;0.19;"[0.536; 1.130]";0.5365;1.1299;0.18774;122;скачок уровня: IRR=0.779, p=0.1877;
ITS-Poisson;Движение по выделенной полосе;JUN;time_after;-0.00943;0.9906;0.00545;"[0.980; 1.001]";0.9801;1.0013;0.08355;122;изменение тренда: IRR=0.991, p=0.0835;
ITS-NegBin;Движение по выделенной полосе;JUN;post;-0.26168;0.7698;0.19021;"[0.530; 1.118]";0.5302;1.1175;0.1689;122;скачок уровня: IRR=0.770, p=0.1689;
ITS-NegBin;Движение по выделенной полосе;JUN;time_after;-0.00941;0.9906;0.00522;"[0.981; 1.001]";0.9806;1.0008;0.07126;122;изменение тренда: IRR=0.991, p=0.0713;
ITS-Poisson;Использование телефона за рулём;JUN;post;-0.06097;0.9409;0.09861;"[0.775; 1.141]";0.7755;1.1415;0.53639;122;скачок уровня: IRR=0.941, p=0.5364;
ITS-Poisson;Использование телефона за рулём;JUN;time_after;-0.02407;0.9762;0.00434;"[0.968; 0.985]";0.9679;0.9846;0.0;122;изменение тренда: IRR=0.976, p=0.0000;
ITS-NegBin;Использование телефона за рулём;JUN;post;-0.06452;0.9375;0.10243;"[0.767; 1.146]";0.767;1.1459;0.52875;122;скачок уровня: IRR=0.938, p=0.5287;
ITS-NegBin;Использование телефона за рулём;JUN;time_after;-0.0234;0.9769;0.00452;"[0.968; 0.986]";0.9683;0.9856;0.0;122;изменение тренда: IRR=0.977, p=0.0000;
ITS-Poisson;Превышение 20-40 км/ч;JUN;post;-0.0649;0.9372;0.03136;"[0.881; 0.997]";0.8813;0.9966;0.0385;122;скачок уровня: IRR=0.937, p=0.0385;
ITS-Poisson;Превышение 20-40 км/ч;JUN;time_after;-0.00816;0.9919;0.00177;"[0.988; 0.995]";0.9884;0.9953;0.0;122;изменение тренда: IRR=0.992, p=0.0000;
ITS-NegBin;Превышение 20-40 км/ч;JUN;post;-0.06017;0.9416;0.03412;"[0.881; 1.007]";0.8807;1.0067;0.07782;122;скачок уровня: IRR=0.942, p=0.0778;
ITS-NegBin;Превышение 20-40 км/ч;JUN;time_after;-0.00832;0.9917;0.00189;"[0.988; 0.995]";0.988;0.9954;1e-05;122;изменение тренда: IRR=0.992, p=0.0000;
ITS-Poisson;Ремень безопасности;JUN;post;-0.2825;0.7539;0.18853;"[0.521; 1.091]";0.521;1.0909;0.13401;122;скачок уровня: IRR=0.754, p=0.1340;
ITS-Poisson;Ремень безопасности;JUN;time_after;-0.0284;0.972;0.00449;"[0.963; 0.981]";0.9635;0.9806;0.0;122;изменение тренда: IRR=0.972, p=0.0000;
ITS-NegBin;Ремень безопасности;JUN;post;-0.36373;0.6951;0.22007;"[0.452; 1.070]";0.4516;1.0699;0.09837;122;скачок уровня: IRR=0.695, p=0.0984;
ITS-NegBin;Ремень безопасности;JUN;time_after;-0.03023;0.9702;0.00468;"[0.961; 0.979]";0.9614;0.9792;0.0;122;изменение тренда: IRR=0.970, p=0.0000;
ITS-Poisson;Платная дорога;JUN;post;-0.3071;0.7356;0.19508;"[0.502; 1.078]";0.5019;1.0782;0.11544;122;скачок уровня: IRR=0.736, p=0.1154;
ITS-Poisson;Платная дорога;JUN;time_after;0.05392;1.0554;0.00699;"[1.041; 1.070]";1.041;1.07;0.0;122;изменение тренда: IRR=1.055, p=0.0000;
ITS-NegBin;Платная дорога;JUN;post;-0.33361;0.7163;0.19426;"[0.490; 1.048]";0.4895;1.0483;0.08591;122;скачок уровня: IRR=0.716, p=0.0859;
ITS-NegBin;Платная дорога;JUN;time_after;0.05342;1.0549;0.00655;"[1.041; 1.068]";1.0414;1.0685;0.0;122;изменение тренда: IRR=1.055, p=0.0000;
ITS-Poisson;Световые приборы;JUN;post;-0.24783;0.7805;0.28384;"[0.447; 1.361]";0.4475;1.3614;0.38258;122;скачок уровня: IRR=0.780, p=0.3826;
ITS-Poisson;Световые приборы;JUN;time_after;-0.02505;0.9753;0.00901;"[0.958; 0.993]";0.9582;0.9926;0.00544;122;изменение тренда: IRR=0.975, p=0.0054;
ITS-NegBin;Световые приборы;JUN;post;-0.25972;0.7713;0.29797;"[0.430; 1.383]";0.4301;1.3831;0.38341;122;скачок уровня: IRR=0.771, p=0.3834;
ITS-NegBin;Световые приборы;JUN;time_after;-0.02486;0.9754;0.00957;"[0.957; 0.994]";0.9573;0.9939;0.00937;122;изменение тренда: IRR=0.975, p=0.0094;
ITS-Poisson;Все нарушения;JUN;post;-0.08479;0.9187;0.03513;"[0.858; 0.984]";0.8576;0.9842;0.01581;122;скачок уровня: IRR=0.919, p=0.0158;
ITS-Poisson;Все нарушения;JUN;time_after;-0.00996;0.9901;0.00167;"[0.987; 0.993]";0.9869;0.9933;0.0;122;изменение тренда: IRR=0.990, p=0.0000;
ITS-NegBin;Все нарушения;JUN;post;-0.08132;0.9219;0.0379;"[0.856; 0.993]";0.8559;0.993;0.03193;122;скачок уровня: IRR=0.922, p=0.0319;
ITS-NegBin;Все нарушения;JUN;time_after;-0.01004;0.99;0.00174;"[0.987; 0.993]";0.9866;0.9934;0.0;122;изменение тренда: IRR=0.990, p=0.0000;
Panel FE (усл. Пуассон);Composite (манёвренные);MAY;post;0.36057;1.4342;0.04146;"[1.322; 1.556]";1.3222;1.5555;0.0;12088;внутриклиентский эффект, IRR=1.434, клиентов=3022;
Panel FE (усл. Пуассон);Composite (манёвренные);JUN;post;-0.07057;0.9319;0.03793;"[0.865; 1.004]";0.8651;1.0038;0.06283;12088;внутриклиентский эффект, IRR=0.932, клиентов=3022;
Panel FE (усл. Пуассон);Нарушение разметки;MAY;post;0.5821;1.7898;0.05964;"[1.592; 2.012]";1.5923;2.0117;0.0;6580;внутриклиентский эффект, IRR=1.790, клиентов=1645;
Panel FE (усл. Пуассон);Нарушение разметки;JUN;post;-0.04582;0.9552;0.05214;"[0.862; 1.058]";0.8624;1.058;0.37951;6580;внутриклиентский эффект, IRR=0.955, клиентов=1645;
Panel FE (усл. Пуассон);Остановка/стоянка в неположенном месте;MAY;post;-0.32617;0.7217;0.09096;"[0.604; 0.863]";0.6038;0.8625;0.00034;2096;внутриклиентский эффект, IRR=0.722, клиентов=524;
Panel FE (усл. Пуассон);Остановка/стоянка в неположенном месте;JUN;post;-0.09212;0.912;0.09793;"[0.753; 1.105]";0.7527;1.105;0.34688;2096;внутриклиентский эффект, IRR=0.912, клиентов=524;
Panel FE (усл. Пуассон);Пересечение стоп-линии;MAY;post;0.53382;1.7054;0.12566;"[1.333; 2.182]";1.3331;2.1817;2e-05;1864;внутриклиентский эффект, IRR=1.705, клиентов=466;
Panel FE (усл. Пуассон);Пересечение стоп-линии;JUN;post;0.04512;1.0462;0.10524;"[0.851; 1.286]";0.8512;1.2858;0.6681;1864;внутриклиентский эффект, IRR=1.046, клиентов=466;
Panel FE (усл. Пуассон);Движение по обочине;MAY;post;0.31626;1.372;0.16137;"[1.000; 1.882]";1.0;1.8824;0.05001;980;внутриклиентский эффект, IRR=1.372, клиентов=245;
Panel FE (усл. Пуассон);Движение по обочине;JUN;post;-0.56977;0.5657;0.17146;"[0.404; 0.792]";0.4042;0.7916;0.00089;980;внутриклиентский эффект, IRR=0.566, клиентов=245;
Panel FE (усл. Пуассон);Движение по выделенной полосе;MAY;post;0.3285;1.3889;0.09836;"[1.145; 1.684]";1.1454;1.6842;0.00084;2628;внутриклиентский эффект, IRR=1.389, клиентов=657;
Panel FE (усл. Пуассон);Движение по выделенной полосе;JUN;post;-0.01661;0.9835;0.09068;"[0.823; 1.175]";0.8234;1.1748;0.85465;2628;внутриклиентский эффект, IRR=0.984, клиентов=657;
Panel FE (усл. Пуассон);Использование телефона за рулём;MAY;post;0.51457;1.6729;0.09172;"[1.398; 2.002]";1.3977;2.0024;0.0;3028;внутриклиентский эффект, IRR=1.673, клиентов=757;
Panel FE (усл. Пуассон);Использование телефона за рулём;JUN;post;0.09337;1.0979;0.08081;"[0.937; 1.286]";0.9371;1.2863;0.24789;3028;внутриклиентский эффект, IRR=1.098, клиентов=757;
Panel FE (усл. Пуассон);Превышение 20-40 км/ч;MAY;post;0.26308;1.3009;0.01668;"[1.259; 1.344]";1.2591;1.3442;0.0;46660;внутриклиентский эффект, IRR=1.301, клиентов=11665;
Panel FE (усл. Пуассон);Превышение 20-40 км/ч;JUN;post;0.05561;1.0572;0.01488;"[1.027; 1.088]";1.0268;1.0885;0.00019;46660;внутриклиентский эффект, IRR=1.057, клиентов=11665;
Panel FE (усл. Пуассон);Ремень безопасности;MAY;post;1.00953;2.7443;0.07696;"[2.360; 3.191]";2.36;3.1911;0.0;5916;внутриклиентский эффект, IRR=2.744, клиентов=1479;
Panel FE (усл. Пуассон);Ремень безопасности;JUN;post;-0.02755;0.9728;0.06518;"[0.856; 1.105]";0.8562;1.1054;0.67257;5916;внутриклиентский эффект, IRR=0.973, клиентов=1479;
Panel FE (усл. Пуассон);Платная дорога;MAY;post;-0.13242;0.876;0.1407;"[0.665; 1.154]";0.6649;1.1541;0.3466;948;внутриклиентский эффект, IRR=0.876, клиентов=237;
Panel FE (усл. Пуассон);Платная дорога;JUN;post;0.74894;2.1148;0.17237;"[1.508; 2.965]";1.5085;2.9648;1e-05;948;внутриклиентский эффект, IRR=2.115, клиентов=237;
Panel FE (усл. Пуассон);Световые приборы;MAY;post;1.1987;3.3158;0.3028;"[1.832; 6.002]";1.8316;6.0025;8e-05;572;внутриклиентский эффект, IRR=3.316, клиентов=143;
Panel FE (усл. Пуассон);Световые приборы;JUN;post;0.41985;1.5217;0.16379;"[1.104; 2.098]";1.1039;2.0978;0.01037;572;внутриклиентский эффект, IRR=1.522, клиентов=143;
Panel FE (усл. Пуассон);Все нарушения;MAY;post;0.30476;1.3563;0.01525;"[1.316; 1.397]";1.3164;1.3975;0.0;52056;внутриклиентский эффект, IRR=1.356, клиентов=13014;
Panel FE (усл. Пуассон);Все нарушения;JUN;post;0.04748;1.0486;0.0135;"[1.021; 1.077]";1.0212;1.0767;0.00044;52056;внутриклиентский эффект, IRR=1.049, клиентов=13014;
ITS-Poisson + offset(прочие);Composite (манёвренные);MAY;post;0.52065;1.6831;0.19466;"[1.149; 2.465]";1.1493;2.465;0.00748;122;изменение ДОЛИ относительно прочих нарушений, IRR=1.683;
ITS-Poisson + offset(прочие);Нарушение разметки;MAY;post;1.09002;2.9743;0.37575;"[1.424; 6.212]";1.4241;6.212;0.00372;122;изменение ДОЛИ относительно прочих нарушений, IRR=2.974;
ITS-Poisson + offset(прочие);Остановка/стоянка в неположенном месте;MAY;post;-0.396;0.673;0.30059;"[0.373; 1.213]";0.3734;1.2131;0.1877;122;изменение ДОЛИ относительно прочих нарушений, IRR=0.673;
ITS-Poisson + offset(прочие);Пересечение стоп-линии;MAY;post;0.4405;1.5535;0.15231;"[1.153; 2.094]";1.1525;2.0939;0.00383;122;изменение ДОЛИ относительно прочих нарушений, IRR=1.553;
ITS-Poisson + offset(прочие);Движение по обочине;MAY;post;0.18911;1.2082;0.5322;"[0.426; 3.429]";0.4257;3.4289;0.72233;122;изменение ДОЛИ относительно прочих нарушений, IRR=1.208;
ITS-Poisson + offset(прочие);Движение по выделенной полосе;MAY;post;0.47069;1.6011;0.18716;"[1.109; 2.311]";1.1094;2.3106;0.01191;122;изменение ДОЛИ относительно прочих нарушений, IRR=1.601;
ITS-Poisson + offset(прочие);Использование телефона за рулём;MAY;post;0.27888;1.3216;0.14796;"[0.989; 1.766]";0.9889;1.7663;0.05945;122;изменение ДОЛИ относительно прочих нарушений, IRR=1.322;
ITS-Poisson + offset(прочие);Composite (манёвренные);JUN;post;0.02422;1.0245;0.08191;"[0.873; 1.203]";0.8726;1.2029;0.76748;122;изменение ДОЛИ относительно прочих нарушений, IRR=1.025;
ITS-Poisson + offset(прочие);Нарушение разметки;JUN;post;0.1983;1.2193;0.14686;"[0.914; 1.626]";0.9143;1.626;0.17695;122;изменение ДОЛИ относительно прочих нарушений, IRR=1.219;
ITS-Poisson + offset(прочие);Остановка/стоянка в неположенном месте;JUN;post;0.16573;1.1802;0.14051;"[0.896; 1.554]";0.8961;1.5545;0.23822;122;изменение ДОЛИ относительно прочих нарушений, IRR=1.180;
ITS-Poisson + offset(прочие);Пересечение стоп-линии;JUN;post;-0.32242;0.7244;0.12403;"[0.568; 0.924]";0.5681;0.9237;0.00933;122;изменение ДОЛИ относительно прочих нарушений, IRR=0.724;
ITS-Poisson + offset(прочие);Движение по обочине;JUN;post;-1.14328;0.3188;0.35616;"[0.159; 0.641]";0.1586;0.6407;0.00133;122;изменение ДОЛИ относительно прочих нарушений, IRR=0.319;
ITS-Poisson + offset(прочие);Движение по выделенной полосе;JUN;post;-0.16098;0.8513;0.17614;"[0.603; 1.202]";0.6028;1.2023;0.36074;122;изменение ДОЛИ относительно прочих нарушений, IRR=0.851;
ITS-Poisson + offset(прочие);Использование телефона за рулём;JUN;post;0.02186;1.0221;0.09306;"[0.852; 1.227]";0.8517;1.2266;0.81432;122;изменение ДОЛИ относительно прочих нарушений, IRR=1.022;
DiD (FE клиента, усл. Пуассон);Composite (манёвренные);MAY;treated×post;0.00578;1.0058;0.13255;"[0.776; 1.304]";0.7757;1.3042;0.96521;5944;доп. эффект для связанных лимитом, IRR=1.006;
DiD (FE клиента, усл. Пуассон);Нарушение разметки;MAY;treated×post;0.05344;1.0549;0.19328;"[0.722; 1.541]";0.7222;1.5408;0.78215;3304;доп. эффект для связанных лимитом, IRR=1.055;
DiD (FE клиента, усл. Пуассон);Остановка/стоянка в неположенном месте;MAY;treated×post;-0.00118;0.9988;0.29367;"[0.562; 1.776]";0.5617;1.7761;0.99679;1016;доп. эффект для связанных лимитом, IRR=0.999;
DiD (FE клиента, усл. Пуассон);Пересечение стоп-линии;MAY;treated×post;0.1694;1.1846;0.36241;"[0.582; 2.410]";0.5822;2.4102;0.64019;924;доп. эффект для связанных лимитом, IRR=1.185;
DiD (FE клиента, усл. Пуассон);Движение по обочине;MAY;treated×post;0.09793;1.1029;0.71863;"[0.270; 4.511]";0.2697;4.5106;0.89161;504;доп. эффект для связанных лимитом, IRR=1.103;
DiD (FE клиента, усл. Пуассон);Движение по выделенной полосе;MAY;treated×post;-0.32507;0.7225;0.29966;"[0.402; 1.300]";0.4016;1.2999;0.27802;1216;доп. эффект для связанных лимитом, IRR=0.722;
DiD (FE клиента, усл. Пуассон);Использование телефона за рулём;MAY;treated×post;-0.13513;0.8736;0.30324;"[0.482; 1.583]";0.4822;1.5828;0.65586;1416;доп. эффект для связанных лимитом, IRR=0.874;
DiD (FE клиента, усл. Пуассон);Превышение 20-40 км/ч;MAY;treated×post;-0.09751;0.9071;0.05216;"[0.819; 1.005]";0.8189;1.0047;0.06154;21904;доп. эффект для связанных лимитом, IRR=0.907;
DiD (FE клиента, усл. Пуассон);Ремень безопасности;MAY;treated×post;-0.21388;0.8074;0.22667;"[0.518; 1.259]";0.5178;1.2591;0.34538;2888;доп. эффект для связанных лимитом, IRR=0.807;
DiD (FE клиента, усл. Пуассон);Все нарушения;MAY;treated×post;-0.12064;0.8863;0.04643;"[0.809; 0.971]";0.8093;0.9708;0.00936;24440;доп. эффект для связанных лимитом, IRR=0.886;
DiD (FE клиента, усл. Пуассон);Composite (манёвренные);JUN;treated×post;0.02131;1.0215;0.12489;"[0.800; 1.305]";0.7997;1.3049;0.8645;5944;доп. эффект для связанных лимитом, IRR=1.022;
DiD (FE клиента, усл. Пуассон);Нарушение разметки;JUN;treated×post;0.32072;1.3781;0.18059;"[0.967; 1.963]";0.9673;1.9634;0.07573;3304;доп. эффект для связанных лимитом, IRR=1.378;
DiD (FE клиента, усл. Пуассон);Остановка/стоянка в неположенном месте;JUN;treated×post;-0.38103;0.6832;0.31273;"[0.370; 1.261]";0.3701;1.261;0.22308;1016;доп. эффект для связанных лимитом, IRR=0.683;
DiD (FE клиента, усл. Пуассон);Пересечение стоп-линии;JUN;treated×post;0.19929;1.2205;0.3286;"[0.641; 2.324]";0.641;2.3241;0.54419;924;доп. эффект для связанных лимитом, IRR=1.221;
DiD (FE клиента, усл. Пуассон);Движение по обочине;JUN;treated×post;-0.33437;0.7158;0.7585;"[0.162; 3.165]";0.1619;3.1655;0.65934;504;доп. эффект для связанных лимитом, IRR=0.716;
DiD (FE клиента, усл. Пуассон);Движение по выделенной полосе;JUN;treated×post;-0.40943;0.664;0.28171;"[0.382; 1.153]";0.3823;1.1534;0.14612;1216;доп. эффект для связанных лимитом, IRR=0.664;
DiD (FE клиента, усл. Пуассон);Использование телефона за рулём;JUN;treated×post;0.19773;1.2186;0.25325;"[0.742; 2.002]";0.7418;2.0019;0.43495;1416;доп. эффект для связанных лимитом, IRR=1.219;
DiD (FE клиента, усл. Пуассон);Превышение 20-40 км/ч;JUN;treated×post;-0.11714;0.8895;0.04824;"[0.809; 0.978]";0.8092;0.9777;0.01518;21904;доп. эффект для связанных лимитом, IRR=0.889;
DiD (FE клиента, усл. Пуассон);Ремень безопасности;JUN;treated×post;-0.09744;0.9072;0.17984;"[0.638; 1.291]";0.6377;1.2905;0.58795;2888;доп. эффект для связанных лимитом, IRR=0.907;
DiD (FE клиента, усл. Пуассон);Все нарушения;JUN;treated×post;-0.0924;0.9117;0.0432;"[0.838; 0.992]";0.8377;0.9923;0.03245;24440;доп. эффект для связанных лимитом, IRR=0.912;
Placebo-дата (ITS-Poisson);Composite (манёвренные);FAKE 2026-04-25;post;0.29303;1.3405;0.2141;"[0.881; 2.039]";0.8811;2.0394;0.17111;0;фиктивная дата внутри докризисного периода;
Placebo-дата (ITS-Poisson);Composite (манёвренные);FAKE 2026-05-01;post;0.50303;1.6537;0.2272;"[1.059; 2.581]";1.0594;2.5814;0.02682;0;фиктивная дата внутри докризисного периода;
Placebo-дата (ITS-Poisson);Composite (манёвренные);FAKE 2026-05-15;post;0.69919;2.0121;0.14828;"[1.505; 2.691]";1.5046;2.6907;0.0;0;фиктивная дата внутри докризисного периода;
Placebo-дата (ITS-Poisson);Composite (манёвренные);FAKE 2026-06-01;post;0.0657;1.0679;0.16812;"[0.768; 1.485]";0.7681;1.4847;0.69596;0;фиктивная дата внутри докризисного периода;
