model;outcome;spec;term;coefficient;effect_IRR;standard_error;confidence_interval;ci_low_IRR;ci_high_IRR;p_value;n_observations;interpretation
ITS-Poisson;COMPOSITE-6 (гипотеза);MAY;post;0.76171;2.1419;0.21938;"[1.393; 3.293]";1.3934;3.2927;0.00052;122;скачок уровня, IRR=2.142
ITS-Poisson;COMPOSITE-6 (гипотеза);MAY;time_after;0.02305;1.0233;0.00673;"[1.010; 1.037]";1.0099;1.0369;0.00062;122;изменение тренда, IRR=1.023
ITS-Poisson;Манёвренные-5 (без телефона);MAY;post;0.80084;2.2274;0.23386;"[1.408; 3.523]";1.4084;3.5226;0.00062;122;скачок уровня, IRR=2.227
ITS-Poisson;Манёвренные-5 (без телефона);MAY;time_after;0.02437;1.0247;0.00765;"[1.009; 1.040]";1.0094;1.0402;0.00146;122;изменение тренда, IRR=1.025
ITS-Poisson;Нарушение разметки;MAY;post;1.38751;4.0049;0.41288;"[1.783; 8.996]";1.7829;8.9959;0.00078;122;скачок уровня, IRR=4.005
ITS-Poisson;Нарушение разметки;MAY;time_after;0.05321;1.0546;0.01173;"[1.031; 1.079]";1.0307;1.0792;1e-05;122;изменение тренда, IRR=1.055
ITS-Poisson;Остановка/стоянка в неположенном месте;MAY;post;-0.12084;0.8862;0.28509;"[0.507; 1.550]";0.5068;1.5495;0.67167;122;скачок уровня, IRR=0.886
ITS-Poisson;Остановка/стоянка в неположенном месте;MAY;time_after;0.01102;1.0111;0.0093;"[0.993; 1.030]";0.9928;1.0297;0.23604;122;изменение тренда, IRR=1.011
ITS-Poisson;Пересечение стоп-линии;MAY;post;0.71775;2.0498;0.1656;"[1.482; 2.836]";1.4817;2.8358;1e-05;122;скачок уровня, IRR=2.050
ITS-Poisson;Пересечение стоп-линии;MAY;time_after;0.00751;1.0075;0.00707;"[0.994; 1.022]";0.9937;1.0216;0.28797;122;изменение тренда, IRR=1.008
ITS-Poisson;Движение по обочине;MAY;post;0.40718;1.5026;0.5387;"[0.523; 4.319]";0.5227;4.319;0.44973;122;скачок уровня, IRR=1.503
ITS-Poisson;Движение по обочине;MAY;time_after;-0.05941;0.9423;0.04607;"[0.861; 1.031]";0.861;1.0314;0.1972;122;изменение тренда, IRR=0.942
ITS-Poisson;Движение по выделенной полосе;MAY;post;0.75037;2.1178;0.20871;"[1.407; 3.188]";1.4068;3.1881;0.00032;122;скачок уровня, IRR=2.118
ITS-Poisson;Движение по выделенной полосе;MAY;time_after;0.02122;1.0214;0.00636;"[1.009; 1.034]";1.0088;1.0343;0.00085;122;изменение тренда, IRR=1.021
ITS-Poisson;Телефон за рулём;MAY;post;0.56194;1.7541;0.19484;"[1.197; 2.570]";1.1973;2.5698;0.00393;122;скачок уровня, IRR=1.754
ITS-Poisson;Телефон за рулём;MAY;time_after;0.01539;1.0155;0.00689;"[1.002; 1.029]";1.0019;1.0293;0.02546;122;изменение тренда, IRR=1.016
ITS-Poisson;[K] Превышение 20-40 км/ч;MAY;post;0.23332;1.2628;0.07191;"[1.097; 1.454]";1.0968;1.4539;0.00118;122;скачок уровня, IRR=1.263
ITS-Poisson;[K] Превышение 20-40 км/ч;MAY;time_after;0.00166;1.0017;0.0021;"[0.998; 1.006]";0.9976;1.0058;0.42764;122;изменение тренда, IRR=1.002
ITS-Poisson;[K] Ремень безопасности;MAY;post;1.09896;3.001;0.23931;"[1.877; 4.797]";1.8774;4.7971;0.0;122;скачок уровня, IRR=3.001
ITS-Poisson;[K] Ремень безопасности;MAY;time_after;-0.00813;0.9919;0.01014;"[0.972; 1.012]";0.9724;1.0118;0.42253;122;изменение тренда, IRR=0.992
ITS-Poisson;[K] Платная дорога;MAY;post;-1.2106;0.298;0.23064;"[0.190; 0.468]";0.1896;0.4684;0.0;122;скачок уровня, IRR=0.298
ITS-Poisson;[K] Платная дорога;MAY;time_after;0.01208;1.0121;0.00803;"[0.996; 1.028]";0.9963;1.0282;0.1328;122;изменение тренда, IRR=1.012
ITS-Poisson;[K] Световые приборы;MAY;post;0.40621;1.5011;0.43797;"[0.636; 3.542]";0.6362;3.5418;0.35367;122;скачок уровня, IRR=1.501
ITS-Poisson;[K] Световые приборы;MAY;time_after;-0.03873;0.962;0.03063;"[0.906; 1.022]";0.906;1.0215;0.20617;122;изменение тренда, IRR=0.962
ITS-Poisson;Все нарушения;MAY;post;0.32233;1.3803;0.07803;"[1.185; 1.608]";1.1846;1.6084;4e-05;122;скачок уровня, IRR=1.380
ITS-Poisson;Все нарушения;MAY;time_after;0.00362;1.0036;0.00224;"[0.999; 1.008]";0.9992;1.008;0.10588;122;изменение тренда, IRR=1.004
ITS-Poisson;COMPOSITE-6 (гипотеза);JUN;post;-0.06273;0.9392;0.08562;"[0.794; 1.111]";0.7941;1.1108;0.46376;122;скачок уровня, IRR=0.939
ITS-Poisson;COMPOSITE-6 (гипотеза);JUN;time_after;-0.02089;0.9793;0.004;"[0.972; 0.987]";0.9717;0.987;0.0;122;изменение тренда, IRR=0.979
ITS-Poisson;Манёвренные-5 (без телефона);JUN;post;-0.06402;0.938;0.09265;"[0.782; 1.125]";0.7822;1.1248;0.48959;122;скачок уровня, IRR=0.938
ITS-Poisson;Манёвренные-5 (без телефона);JUN;time_after;-0.02036;0.9798;0.00416;"[0.972; 0.988]";0.9719;0.9879;0.0;122;изменение тренда, IRR=0.980
ITS-Poisson;Нарушение разметки;JUN;post;0.10921;1.1154;0.15798;"[0.818; 1.520]";0.8184;1.5202;0.48939;122;скачок уровня, IRR=1.115
ITS-Poisson;Нарушение разметки;JUN;time_after;-0.03524;0.9654;0.00709;"[0.952; 0.979]";0.952;0.9789;0.0;122;изменение тренда, IRR=0.965
ITS-Poisson;Остановка/стоянка в неположенном месте;JUN;post;0.09001;1.0942;0.13705;"[0.836; 1.431]";0.8364;1.4314;0.51132;122;скачок уровня, IRR=1.094
ITS-Poisson;Остановка/стоянка в неположенном месте;JUN;time_after;0.0082;1.0082;0.00547;"[0.997; 1.019]";0.9975;1.0191;0.13383;122;изменение тренда, IRR=1.008
ITS-Poisson;Пересечение стоп-линии;JUN;post;-0.40932;0.6641;0.11586;"[0.529; 0.833]";0.5292;0.8334;0.00041;122;скачок уровня, IRR=0.664
ITS-Poisson;Пересечение стоп-линии;JUN;time_after;-0.00965;0.9904;0.00495;"[0.981; 1.000]";0.9808;1.0001;0.05137;122;изменение тренда, IRR=0.990
ITS-Poisson;Движение по обочине;JUN;post;-1.22359;0.2942;0.34531;"[0.150; 0.579]";0.1495;0.5788;0.00039;122;скачок уровня, IRR=0.294
ITS-Poisson;Движение по обочине;JUN;time_after;-0.00041;0.9996;0.01295;"[0.975; 1.025]";0.9745;1.0253;0.97483;122;изменение тренда, IRR=1.000
ITS-Poisson;Движение по выделенной полосе;JUN;post;-0.25029;0.7786;0.19;"[0.536; 1.130]";0.5365;1.1299;0.18774;122;скачок уровня, IRR=0.779
ITS-Poisson;Движение по выделенной полосе;JUN;time_after;-0.00943;0.9906;0.00545;"[0.980; 1.001]";0.9801;1.0013;0.08355;122;изменение тренда, IRR=0.991
ITS-Poisson;Телефон за рулём;JUN;post;-0.06097;0.9409;0.09861;"[0.775; 1.141]";0.7755;1.1415;0.53639;122;скачок уровня, IRR=0.941
ITS-Poisson;Телефон за рулём;JUN;time_after;-0.02407;0.9762;0.00434;"[0.968; 0.985]";0.9679;0.9846;0.0;122;изменение тренда, IRR=0.976
ITS-Poisson;[K] Превышение 20-40 км/ч;JUN;post;-0.0649;0.9372;0.03136;"[0.881; 0.997]";0.8813;0.9966;0.0385;122;скачок уровня, IRR=0.937
ITS-Poisson;[K] Превышение 20-40 км/ч;JUN;time_after;-0.00816;0.9919;0.00177;"[0.988; 0.995]";0.9884;0.9953;0.0;122;изменение тренда, IRR=0.992
ITS-Poisson;[K] Ремень безопасности;JUN;post;-0.2825;0.7539;0.18853;"[0.521; 1.091]";0.521;1.0909;0.13401;122;скачок уровня, IRR=0.754
ITS-Poisson;[K] Ремень безопасности;JUN;time_after;-0.0284;0.972;0.00449;"[0.963; 0.981]";0.9635;0.9806;0.0;122;изменение тренда, IRR=0.972
ITS-Poisson;[K] Платная дорога;JUN;post;-0.3071;0.7356;0.19508;"[0.502; 1.078]";0.5019;1.0782;0.11544;122;скачок уровня, IRR=0.736
ITS-Poisson;[K] Платная дорога;JUN;time_after;0.05392;1.0554;0.00699;"[1.041; 1.070]";1.041;1.07;0.0;122;изменение тренда, IRR=1.055
ITS-Poisson;[K] Световые приборы;JUN;post;-0.24783;0.7805;0.28384;"[0.447; 1.361]";0.4475;1.3614;0.38258;122;скачок уровня, IRR=0.780
ITS-Poisson;[K] Световые приборы;JUN;time_after;-0.02505;0.9753;0.00901;"[0.958; 0.993]";0.9582;0.9926;0.00544;122;изменение тренда, IRR=0.975
ITS-Poisson;Все нарушения;JUN;post;-0.08479;0.9187;0.03513;"[0.858; 0.984]";0.8576;0.9842;0.01581;122;скачок уровня, IRR=0.919
ITS-Poisson;Все нарушения;JUN;time_after;-0.00996;0.9901;0.00167;"[0.987; 0.993]";0.9869;0.9933;0.0;122;изменение тренда, IRR=0.990
ITS-Poisson + offset;COMPOSITE-6 (гипотеза);MAY;post;0.48643;1.6265;0.17884;"[1.146; 2.309]";1.1456;2.3093;0.00653;122;изменение ДОЛИ относительно прочих штрафов
ITS-Poisson + offset;Манёвренные-5 (без телефона);MAY;post;0.52576;1.6917;0.19572;"[1.153; 2.483]";1.1528;2.4827;0.00722;122;изменение ДОЛИ относительно прочих штрафов
ITS-Poisson + offset;Нарушение разметки;MAY;post;1.09462;2.988;0.37663;"[1.428; 6.251]";1.4282;6.2514;0.00366;122;изменение ДОЛИ относительно прочих штрафов
ITS-Poisson + offset;Остановка/стоянка в неположенном месте;MAY;post;-0.39023;0.6769;0.29939;"[0.376; 1.217]";0.3764;1.2172;0.19244;122;изменение ДОЛИ относительно прочих штрафов
ITS-Poisson + offset;Пересечение стоп-линии;MAY;post;0.44531;1.561;0.15296;"[1.157; 2.107]";1.1566;2.1067;0.0036;122;изменение ДОЛИ относительно прочих штрафов
ITS-Poisson + offset;Движение по обочине;MAY;post;0.19365;1.2137;0.53181;"[0.428; 3.442]";0.428;3.4418;0.71575;122;изменение ДОЛИ относительно прочих штрафов
ITS-Poisson + offset;Движение по выделенной полосе;MAY;post;0.47589;1.6094;0.188;"[1.113; 2.326]";1.1134;2.3265;0.01136;122;изменение ДОЛИ относительно прочих штрафов
ITS-Poisson + offset;Телефон за рулём;MAY;post;0.28548;1.3304;0.15021;"[0.991; 1.786]";0.9911;1.7858;0.05736;122;изменение ДОЛИ относительно прочих штрафов
ITS-Poisson + offset;COMPOSITE-6 (гипотеза);JUN;post;0.02569;1.026;0.07592;"[0.884; 1.191]";0.8842;1.1906;0.73503;122;изменение ДОЛИ относительно прочих штрафов
ITS-Poisson + offset;Манёвренные-5 (без телефона);JUN;post;0.02527;1.0256;0.08253;"[0.872; 1.206]";0.8724;1.2057;0.75951;122;изменение ДОЛИ относительно прочих штрафов
ITS-Poisson + offset;Нарушение разметки;JUN;post;0.19897;1.2201;0.14732;"[0.914; 1.629]";0.9141;1.6286;0.17681;122;изменение ДОЛИ относительно прочих штрафов
ITS-Poisson + offset;Остановка/стоянка в неположенном месте;JUN;post;0.16808;1.183;0.14056;"[0.898; 1.558]";0.8981;1.5583;0.2318;122;изменение ДОЛИ относительно прочих штрафов
ITS-Poisson + offset;Пересечение стоп-линии;JUN;post;-0.32163;0.725;0.12437;"[0.568; 0.925]";0.5681;0.9251;0.00971;122;изменение ДОЛИ относительно прочих штрафов
ITS-Poisson + offset;Движение по обочине;JUN;post;-1.14268;0.319;0.35695;"[0.158; 0.642]";0.1585;0.6421;0.00137;122;изменение ДОЛИ относительно прочих штрафов
ITS-Poisson + offset;Движение по выделенной полосе;JUN;post;-0.1596;0.8525;0.17631;"[0.603; 1.204]";0.6034;1.2044;0.36534;122;изменение ДОЛИ относительно прочих штрафов
ITS-Poisson + offset;Телефон за рулём;JUN;post;0.02303;1.0233;0.09496;"[0.850; 1.233]";0.8495;1.2326;0.80834;122;изменение ДОЛИ относительно прочих штрафов
Panel FE (усл. Пуассон);COMPOSITE-6 (гипотеза);MAY;post;0.38549;1.4703;0.00877;"[1.445; 1.496]";1.4453;1.4958;0.0;14148;внутриклиентский эффект, IRR=1.470, клиентов 3537
Panel FE (усл. Пуассон);COMPOSITE-6 (гипотеза);JUN;post;-0.04198;0.9589;0.02785;"[0.908; 1.013]";0.908;1.0127;0.13172;14148;внутриклиентский эффект, IRR=0.959, клиентов 3537
Panel FE (усл. Пуассон);Манёвренные-5 (без телефона);MAY;post;0.36057;1.4342;0.00981;"[1.407; 1.462]";1.4068;1.462;0.0;12088;внутриклиентский эффект, IRR=1.434, клиентов 3022
Panel FE (усл. Пуассон);Манёвренные-5 (без телефона);JUN;post;-0.07057;0.9319;0.03077;"[0.877; 0.990]";0.8773;0.9898;0.0218;12088;внутриклиентский эффект, IRR=0.932, клиентов 3022
Panel FE (усл. Пуассон);Нарушение разметки;MAY;post;0.5821;1.7898;0.01186;"[1.749; 1.832]";1.7487;1.8319;0.0;6580;внутриклиентский эффект, IRR=1.790, клиентов 1645
Panel FE (усл. Пуассон);Нарушение разметки;JUN;post;-0.04582;0.9552;0.04209;"[0.880; 1.037]";0.8796;1.0374;0.2763;6580;внутриклиентский эффект, IRR=0.955, клиентов 1645
Panel FE (усл. Пуассон);Остановка/стоянка в неположенном месте;MAY;post;-0.32617;0.7217;0.03467;"[0.674; 0.772]";0.6743;0.7724;0.0;2096;внутриклиентский эффект, IRR=0.722, клиентов 524
Panel FE (усл. Пуассон);Остановка/стоянка в неположенном месте;JUN;post;-0.09212;0.912;0.07974;"[0.780; 1.066]";0.78;1.0663;0.24804;2096;внутриклиентский эффект, IRR=0.912, клиентов 524
Panel FE (усл. Пуассон);Пересечение стоп-линии;MAY;post;0.53382;1.7054;0.02598;"[1.621; 1.795]";1.6208;1.7945;0.0;1864;внутриклиентский эффект, IRR=1.705, клиентов 466
Panel FE (усл. Пуассон);Пересечение стоп-линии;JUN;post;0.04512;1.0462;0.08342;"[0.888; 1.232]";0.8884;1.232;0.58858;1864;внутриклиентский эффект, IRR=1.046, клиентов 466
Panel FE (усл. Пуассон);Движение по обочине;MAY;post;0.31626;1.372;0.03948;"[1.270; 1.482]";1.2698;1.4824;0.0;980;внутриклиентский эффект, IRR=1.372, клиентов 245
Panel FE (усл. Пуассон);Движение по обочине;JUN;post;-0.56977;0.5657;0.15022;"[0.421; 0.759]";0.4214;0.7593;0.00015;980;внутриклиентский эффект, IRR=0.566, клиентов 245
Panel FE (усл. Пуассон);Движение по выделенной полосе;MAY;post;0.3285;1.3889;0.02385;"[1.325; 1.455]";1.3255;1.4553;0.0;2628;внутриклиентский эффект, IRR=1.389, клиентов 657
Panel FE (усл. Пуассон);Движение по выделенной полосе;JUN;post;-0.01661;0.9835;0.07279;"[0.853; 1.134]";0.8528;1.1343;0.81947;2628;внутриклиентский эффект, IRR=0.984, клиентов 657
Panel FE (усл. Пуассон);Телефон за рулём;MAY;post;0.51457;1.6729;0.01925;"[1.611; 1.737]";1.611;1.7372;0.0;3028;внутриклиентский эффект, IRR=1.673, клиентов 757
Panel FE (усл. Пуассон);Телефон за рулём;JUN;post;0.09337;1.0979;0.06341;"[0.970; 1.243]";0.9696;1.2432;0.14085;3028;внутриклиентский эффект, IRR=1.098, клиентов 757
Panel FE (усл. Пуассон);[K] Превышение 20-40 км/ч;MAY;post;0.26308;1.3009;0.00425;"[1.290; 1.312]";1.2901;1.3118;0.0;46660;внутриклиентский эффект, IRR=1.301, клиентов 11665
Panel FE (усл. Пуассон);[K] Превышение 20-40 км/ч;JUN;post;0.05561;1.0572;0.01177;"[1.033; 1.082]";1.0331;1.0818;0.0;46660;внутриклиентский эффект, IRR=1.057, клиентов 11665
Panel FE (усл. Пуассон);[K] Ремень безопасности;MAY;post;1.00953;2.7443;0.01073;"[2.687; 2.803]";2.6872;2.8026;0.0;5916;внутриклиентский эффект, IRR=2.744, клиентов 1479
Panel FE (усл. Пуассон);[K] Ремень безопасности;JUN;post;-0.02755;0.9728;0.05243;"[0.878; 1.078]";0.8778;1.0781;0.5993;5916;внутриклиентский эффект, IRR=0.973, клиентов 1479
Panel FE (усл. Пуассон);[K] Платная дорога;MAY;post;-0.13242;0.876;0.04736;"[0.798; 0.961]";0.7983;0.9612;0.00517;948;внутриклиентский эффект, IRR=0.876, клиентов 237
Panel FE (усл. Пуассон);[K] Платная дорога;JUN;post;0.74894;2.1148;0.11276;"[1.695; 2.638]";1.6954;2.6378;0.0;948;внутриклиентский эффект, IRR=2.115, клиентов 237
Panel FE (усл. Пуассон);[K] Световые приборы;MAY;post;1.1987;3.3158;0.03579;"[3.091; 3.557]";3.0912;3.5567;0.0;572;внутриклиентский эффект, IRR=3.316, клиентов 143
Panel FE (усл. Пуассон);[K] Световые приборы;JUN;post;0.41985;1.5217;0.11865;"[1.206; 1.920]";1.206;1.9202;0.0004;572;внутриклиентский эффект, IRR=1.522, клиентов 143
Panel FE (усл. Пуассон);Все нарушения;MAY;post;0.30476;1.3563;0.00376;"[1.346; 1.366]";1.3463;1.3663;0.0;52056;внутриклиентский эффект, IRR=1.356, клиентов 13014
Panel FE (усл. Пуассон);Все нарушения;JUN;post;0.04748;1.0486;0.01069;"[1.027; 1.071]";1.0269;1.0708;1e-05;52056;внутриклиентский эффект, IRR=1.049, клиентов 13014
DiD (FE клиента);COMPOSITE-6 (гипотеза);MAY;treated×post;-0.02876;0.9716;0.02846;"[0.919; 1.027]";0.9189;1.0274;0.3121;6892;дополнительный эффект у связанных лимитом, IRR=0.972
DiD (FE клиента);Манёвренные-5 (без телефона);MAY;treated×post;0.00578;1.0058;0.03256;"[0.944; 1.072]";0.9436;1.0721;0.85906;5944;дополнительный эффект у связанных лимитом, IRR=1.006
DiD (FE клиента);Нарушение разметки;MAY;treated×post;0.05344;1.0549;0.04142;"[0.973; 1.144]";0.9726;1.1441;0.19692;3304;дополнительный эффект у связанных лимитом, IRR=1.055
DiD (FE клиента);Остановка/стоянка в неположенном месте;MAY;treated×post;-0.00118;0.9988;0.12414;"[0.783; 1.274]";0.7831;1.274;0.9924;1016;дополнительный эффект у связанных лимитом, IRR=0.999
DiD (FE клиента);Пересечение стоп-линии;MAY;treated×post;0.1694;1.1846;0.07497;"[1.023; 1.372]";1.0227;1.3721;0.02384;924;дополнительный эффект у связанных лимитом, IRR=1.185
DiD (FE клиента);Движение по обочине;MAY;treated×post;0.09793;1.1029;0.16301;"[0.801; 1.518]";0.8013;1.5181;0.54803;504;дополнительный эффект у связанных лимитом, IRR=1.103
DiD (FE клиента);Движение по выделенной полосе;MAY;treated×post;-0.32507;0.7225;0.0693;"[0.631; 0.828]";0.6307;0.8276;0.0;1216;дополнительный эффект у связанных лимитом, IRR=0.722
DiD (FE клиента);Телефон за рулём;MAY;treated×post;-0.13513;0.8736;0.05968;"[0.777; 0.982]";0.7772;0.982;0.02356;1416;дополнительный эффект у связанных лимитом, IRR=0.874
DiD (FE клиента);[K] Превышение 20-40 км/ч;MAY;treated×post;-0.09763;0.907;0.01346;"[0.883; 0.931]";0.8834;0.9312;0.0;21908;дополнительный эффект у связанных лимитом, IRR=0.907
DiD (FE клиента);[K] Ремень безопасности;MAY;treated×post;-0.21388;0.8074;0.03155;"[0.759; 0.859]";0.759;0.8589;0.0;2888;дополнительный эффект у связанных лимитом, IRR=0.807
DiD (FE клиента);Все нарушения;MAY;treated×post;-0.12075;0.8863;0.01149;"[0.867; 0.906]";0.8665;0.9064;0.0;24444;дополнительный эффект у связанных лимитом, IRR=0.886
DiD (FE клиента);COMPOSITE-6 (гипотеза);JUN;treated×post;0.04751;1.0487;0.09271;"[0.874; 1.258]";0.8744;1.2576;0.60831;6892;дополнительный эффект у связанных лимитом, IRR=1.049
DiD (FE клиента);Манёвренные-5 (без телефона);JUN;treated×post;0.02131;1.0215;0.10269;"[0.835; 1.249]";0.8353;1.2493;0.83559;5944;дополнительный эффект у связанных лимитом, IRR=1.022
DiD (FE клиента);Нарушение разметки;JUN;treated×post;0.32072;1.3781;0.1519;"[1.023; 1.856]";1.0233;1.856;0.03474;3304;дополнительный эффект у связанных лимитом, IRR=1.378
DiD (FE клиента);Остановка/стоянка в неположенном месте;JUN;treated×post;-0.38103;0.6832;0.25475;"[0.415; 1.126]";0.4146;1.1256;0.13473;1016;дополнительный эффект у связанных лимитом, IRR=0.683
DiD (FE клиента);Пересечение стоп-линии;JUN;treated×post;0.19929;1.2205;0.26342;"[0.728; 2.045]";0.7283;2.0454;0.44932;924;дополнительный эффект у связанных лимитом, IRR=1.221
DiD (FE клиента);Движение по обочине;JUN;treated×post;-0.33437;0.7158;0.62476;"[0.210; 2.436]";0.2104;2.4355;0.59252;504;дополнительный эффект у связанных лимитом, IRR=0.716
DiD (FE клиента);Движение по выделенной полосе;JUN;treated×post;-0.40943;0.664;0.227;"[0.426; 1.036]";0.4256;1.0361;0.07128;1216;дополнительный эффект у связанных лимитом, IRR=0.664
DiD (FE клиента);Телефон за рулём;JUN;treated×post;0.19773;1.2186;0.20445;"[0.816; 1.819]";0.8163;1.8193;0.33348;1416;дополнительный эффект у связанных лимитом, IRR=1.219
DiD (FE клиента);[K] Превышение 20-40 км/ч;JUN;treated×post;-0.11706;0.8895;0.03796;"[0.826; 0.958]";0.8257;0.9582;0.00205;21908;дополнительный эффект у связанных лимитом, IRR=0.890
DiD (FE клиента);[K] Ремень безопасности;JUN;treated×post;-0.09744;0.9072;0.1466;"[0.681; 1.209]";0.6806;1.2091;0.50625;2888;дополнительный эффект у связанных лимитом, IRR=0.907
DiD (FE клиента);Все нарушения;JUN;treated×post;-0.09234;0.9118;0.03419;"[0.853; 0.975]";0.8527;0.975;0.00692;24444;дополнительный эффект у связанных лимитом, IRR=0.912
Event study;COMPOSITE-6 (гипотеза);MAY;pre-trend;0.0;1.0;0.0;"[1.000; 1.000]";1.0;1.0;1.0;14;сырой эффект: значимых доcобытийных недель 2 из 4
Event study;COMPOSITE-6 (гипотеза);MAY;pre-trend;0.0;1.0;0.0;"[1.000; 1.000]";1.0;1.0;1.0;14;относительно прочих штрафов: значимых доcобытийных недель 3 из 4
Event study;COMPOSITE-6 (гипотеза);JUN;pre-trend;0.0;1.0;0.0;"[1.000; 1.000]";1.0;1.0;1.0;15;сырой эффект: значимых доcобытийных недель 3 из 7
Event study;COMPOSITE-6 (гипотеза);JUN;pre-trend;0.0;1.0;0.0;"[1.000; 1.000]";1.0;1.0;1.0;15;относительно прочих штрафов: значимых доcобытийных недель 3 из 7
Placebo-дата;COMPOSITE-6 (гипотеза);FAKE 2026-04-25;post;0.23262;1.2619;0.19405;"[0.863; 1.846]";0.8627;1.8459;0.23062;0;фиктивная отсечка внутри докризисного периода
Placebo-дата;COMPOSITE-6 (гипотеза);FAKE 2026-05-15;post;0.6764;1.9668;0.14134;"[1.491; 2.595]";1.4909;2.5946;0.0;0;фиктивная отсечка внутри докризисного периода
Placebo-дата;COMPOSITE-6 (гипотеза);FAKE 2026-06-01;post;0.06744;1.0698;0.15986;"[0.782; 1.463]";0.782;1.4634;0.67312;0;фиктивная отсечка внутри докризисного периода
