outcome;модель;эффект;коэф;SE;p;знч;IRR
Composite (манёвренные);ITS-OLS/NW;скачок уровня β2;-2.6707;3.9655;0.5006;;
Composite (манёвренные);ITS-OLS/NW;изменение тренда β3;-0.7973;0.153;0.0;***;
Composite (манёвренные);ITS-Poisson;скачок уровня β2;-0.064;0.0926;0.4896;;0.938
Composite (манёвренные);ITS-Poisson;изменение тренда β3;-0.0204;0.0042;0.0;***;0.98
Composite (манёвренные);ITS-NegBin;скачок уровня β2;-0.0573;0.1023;0.5755;;0.944
Composite (манёвренные);ITS-NegBin;изменение тренда β3;-0.0196;0.0044;0.0;***;0.981
Нарушение разметки;ITS-OLS/NW;скачок уровня β2;3.6234;3.6407;0.3196;;
Нарушение разметки;ITS-OLS/NW;изменение тренда β3;-0.7203;0.1234;0.0;***;
Нарушение разметки;ITS-Poisson;скачок уровня β2;0.1092;0.158;0.4894;;1.115
Нарушение разметки;ITS-Poisson;изменение тренда β3;-0.0352;0.0071;0.0;***;0.965
Нарушение разметки;ITS-NegBin;скачок уровня β2;0.1465;0.1814;0.4194;;1.158
Нарушение разметки;ITS-NegBin;изменение тренда β3;-0.0332;0.0072;0.0;***;0.967
Остановка/стоянка в неположенном месте;ITS-OLS/NW;скачок уровня β2;0.5777;0.6801;0.3957;;
Остановка/стоянка в неположенном месте;ITS-OLS/NW;изменение тренда β3;0.0443;0.0283;0.1172;;
Остановка/стоянка в неположенном месте;ITS-Poisson;скачок уровня β2;0.09;0.1371;0.5113;;1.094
Остановка/стоянка в неположенном месте;ITS-Poisson;изменение тренда β3;0.0082;0.0055;0.1338;;1.008
Остановка/стоянка в неположенном месте;ITS-NegBin;скачок уровня β2;0.0899;0.1377;0.5136;;1.094
Остановка/стоянка в неположенном месте;ITS-NegBin;изменение тренда β3;0.0082;0.0055;0.1355;;1.008
Пересечение стоп-линии;ITS-OLS/NW;скачок уровня β2;-1.8557;0.5289;0.0005;***;
Пересечение стоп-линии;ITS-OLS/NW;изменение тренда β3;-0.0405;0.0215;0.0597;*;
Пересечение стоп-линии;ITS-Poisson;скачок уровня β2;-0.4093;0.1159;0.0004;***;0.664
Пересечение стоп-линии;ITS-Poisson;изменение тренда β3;-0.0097;0.005;0.0514;*;0.99
Пересечение стоп-линии;ITS-NegBin;скачок уровня β2;-0.4093;0.1164;0.0004;***;0.664
Пересечение стоп-линии;ITS-NegBin;изменение тренда β3;-0.0097;0.005;0.0524;*;0.99
Движение по обочине;ITS-OLS/NW;скачок уровня β2;-3.2655;1.1581;0.0048;***;
Движение по обочине;ITS-OLS/NW;изменение тренда β3;-0.0178;0.0306;0.5604;;
Движение по обочине;ITS-Poisson;скачок уровня β2;-1.2236;0.3453;0.0004;***;0.294
Движение по обочине;ITS-Poisson;изменение тренда β3;-0.0004;0.013;0.9748;;1.0
Движение по обочине;ITS-NegBin;скачок уровня β2;-1.2384;0.3582;0.0005;***;0.29
Движение по обочине;ITS-NegBin;изменение тренда β3;-0.0006;0.0131;0.9646;;0.999
Движение по выделенной полосе;ITS-OLS/NW;скачок уровня β2;-1.7506;1.304;0.1795;;
Движение по выделенной полосе;ITS-OLS/NW;изменение тренда β3;-0.063;0.036;0.0797;*;
Движение по выделенной полосе;ITS-Poisson;скачок уровня β2;-0.2503;0.19;0.1877;;0.779
Движение по выделенной полосе;ITS-Poisson;изменение тренда β3;-0.0094;0.0055;0.0835;*;0.991
Движение по выделенной полосе;ITS-NegBin;скачок уровня β2;-0.2617;0.1902;0.1689;;0.77
Движение по выделенной полосе;ITS-NegBin;изменение тренда β3;-0.0094;0.0052;0.0713;*;0.991
Использование телефона за рулём;ITS-OLS/NW;скачок уровня β2;-0.2824;0.9836;0.774;;
Использование телефона за рулём;ITS-OLS/NW;изменение тренда β3;-0.1898;0.0352;0.0;***;
Использование телефона за рулём;ITS-Poisson;скачок уровня β2;-0.061;0.0986;0.5364;;0.941
Использование телефона за рулём;ITS-Poisson;изменение тренда β3;-0.0241;0.0043;0.0;***;0.976
Использование телефона за рулём;ITS-NegBin;скачок уровня β2;-0.0645;0.1024;0.5287;;0.938
Использование телефона за рулём;ITS-NegBin;изменение тренда β3;-0.0234;0.0045;0.0;***;0.977
Превышение 20-40 км/ч;ITS-OLS/NW;скачок уровня β2;-21.7575;13.0663;0.0959;*;
Превышение 20-40 км/ч;ITS-OLS/NW;изменение тренда β3;-3.1433;0.676;0.0;***;
Превышение 20-40 км/ч;ITS-Poisson;скачок уровня β2;-0.0649;0.0314;0.0385;**;0.937
Превышение 20-40 км/ч;ITS-Poisson;изменение тренда β3;-0.0082;0.0018;0.0;***;0.992
Превышение 20-40 км/ч;ITS-NegBin;скачок уровня β2;-0.0602;0.0341;0.0778;*;0.942
Превышение 20-40 км/ч;ITS-NegBin;изменение тренда β3;-0.0083;0.0019;0.0;***;0.992
Ремень безопасности;ITS-OLS/NW;скачок уровня β2;-7.1787;5.4909;0.1911;;
Ремень безопасности;ITS-OLS/NW;изменение тренда β3;-0.6841;0.1111;0.0;***;
Ремень безопасности;ITS-Poisson;скачок уровня β2;-0.2825;0.1885;0.134;;0.754
Ремень безопасности;ITS-Poisson;изменение тренда β3;-0.0284;0.0045;0.0;***;0.972
Ремень безопасности;ITS-NegBin;скачок уровня β2;-0.3637;0.2201;0.0984;*;0.695
Ремень безопасности;ITS-NegBin;изменение тренда β3;-0.0302;0.0047;0.0;***;0.97
Платная дорога;ITS-OLS/NW;скачок уровня β2;-1.1563;0.5185;0.0258;**;
Платная дорога;ITS-OLS/NW;изменение тренда β3;0.1633;0.0337;0.0;***;
Платная дорога;ITS-Poisson;скачок уровня β2;-0.3071;0.1951;0.1154;;0.736
Платная дорога;ITS-Poisson;изменение тренда β3;0.0539;0.007;0.0;***;1.055
Платная дорога;ITS-NegBin;скачок уровня β2;-0.3336;0.1943;0.0859;*;0.716
Платная дорога;ITS-NegBin;изменение тренда β3;0.0534;0.0065;0.0;***;1.055
Световые приборы;ITS-OLS/NW;скачок уровня β2;-0.2635;0.6207;0.6712;;
Световые приборы;ITS-OLS/NW;изменение тренда β3;-0.0355;0.0167;0.033;**;
Световые приборы;ITS-Poisson;скачок уровня β2;-0.2478;0.2838;0.3826;;0.78
Световые приборы;ITS-Poisson;изменение тренда β3;-0.0251;0.009;0.0054;***;0.975
Световые приборы;ITS-NegBin;скачок уровня β2;-0.2597;0.298;0.3834;;0.771
Световые приборы;ITS-NegBin;изменение тренда β3;-0.0249;0.0096;0.0094;***;0.975
Все нарушения;ITS-OLS/NW;скачок уровня β2;-37.2441;18.3052;0.0419;**;
Все нарушения;ITS-OLS/NW;изменение тренда β3;-4.7924;0.783;0.0;***;
Все нарушения;ITS-Poisson;скачок уровня β2;-0.0848;0.0351;0.0158;**;0.919
Все нарушения;ITS-Poisson;изменение тренда β3;-0.01;0.0017;0.0;***;0.99
Все нарушения;ITS-NegBin;скачок уровня β2;-0.0813;0.0379;0.0319;**;0.922
Все нарушения;ITS-NegBin;изменение тренда β3;-0.01;0.0017;0.0;***;0.99
