cut;b;lo;hi;p;b_rel;p_rel
2026-04-15;0.2933006691682538;-0.11138883343479289;0.6979901717713005;0.15545650887131365;0.0884565310218869;0.6240180354779359
2026-04-16;0.3320135789505184;-0.0656352309770103;0.7296623888780471;0.10173796367293891;0.11815740220239136;0.4841797891300561
2026-04-17;0.4491678501063363;0.07891520374881333;0.8194204964638593;0.017418534451475162;0.2392669439868051;0.12875684775701154
2026-04-18;0.49995508186650023;0.1413794619486094;0.8585307017843911;0.006280030992334351;0.2980658156670226;0.044843339872848796
2026-04-19;0.5246659223321055;0.15459578162945098;0.89473606303476;0.005456269296611569;0.3128510102985555;0.037212296182730885
2026-04-20;0.5188366493728669;0.11309384843623183;0.924579450309502;0.012199640027385316;0.30726970379905616;0.05606476787003395
2026-04-21;0.5947175749686384;0.2153703063067921;0.9740648436304847;0.0021208274022525174;0.3721164671531912;0.010786993555783997
2026-04-22;0.6592432358191612;0.2895777199497788;1.0289087516885436;0.00047340985851884276;0.45753617017852144;0.0004832831432673566
2026-04-23;0.673390187924945;0.28654346662898056;1.0602369092209094;0.0006453475601765526;0.47579455271618015;0.00044623239700370386
2026-04-24;0.7514477084044032;0.3965291060330033;1.1063663107758033;3.327810855318789e-05;0.5437032380375781;1.7344367748080938e-05
2026-04-25;0.6484944024812717;0.19382650054542128;1.103162304417122;0.0051810719617533165;0.42879558448130245;0.02023937970996978
2026-04-26;0.7115590951900044;0.2921843528014881;1.1309338375785207;0.0008824113722690455;0.5001642339619845;0.0019158872625286583
2026-04-27;0.807440834602498;0.43732388375127146;1.1775577854537247;1.9036443525687018e-05;0.5789053922385633;4.421558806039744e-05
2026-04-28;0.8513552067860081;0.4945014988898672;1.2082089146821489;2.924915786574718e-06;0.5775979533080424;0.00011776246244622339
2026-04-29;0.9101043777460947;0.5674185199360606;1.2527902355561287;1.936168477594777e-07;0.5977164328372073;7.425313465061438e-05
2026-04-30;0.8797280618101835;0.5031128490722452;1.2563432745481218;4.687131225782684e-06;0.5701154811468325;0.0007948619623130166
2026-05-01;0.8008377860784488;0.3424635351338772;1.2592120370230204;0.000616231406642576;0.5206518446306517;0.007480251187367413
2026-05-02;0.8039237182666387;0.35023173792082496;1.2576156986124523;0.0005145982642681422;0.6176456584290254;1.721317554736991e-05
2026-05-03;0.8444147626483599;0.41778669041327;1.27104283488345;0.00010472251933624136;0.6709106695991315;3.071688942067944e-07
2026-05-04;0.8411284625863178;0.40363169092281487;1.2786252342498208;0.00016437407957920426;0.672097760819442;3.0014280106781625e-07
2026-05-05;0.8044302096680933;0.3323374891026771;1.2765229302335095;0.0008384645416835775;0.613668014604723;9.624349632049597e-05
2026-05-06;0.8063527092063174;0.33759728229163166;1.2751081361210033;0.0007473549969908664;0.5942434107040693;0.00044520950988284315
2026-05-07;0.8083512434318155;0.35234381957038724;1.2643586672932439;0.0005119291913371443;0.5762739054183671;0.0011684299325104355
2026-05-08;0.8050311019879971;0.36580200098940163;1.2442602029865926;0.00032771989430837776;0.5628049320966856;0.0017743762590417451
2026-05-09;0.7463776661042492;0.27625698267638654;1.2164983495321118;0.001859789922334744;0.49944307573356395;0.016504299279012216
2026-05-10;0.7655240176513876;0.3240525517223272;1.206995483580448;0.0006770805865018153;0.5332572570612448;0.004297939377274463
2026-05-11;0.7684714106901379;0.34040144972711034;1.1965413716531654;0.00043384173708957093;0.5373789690723306;0.0030161869845790027
2026-05-12;0.7760149682624699;0.3754186798697219;1.1766112566552178;0.0001465680582293457;0.5747940464242173;0.0002748017694943432
2026-05-13;0.8387639981335936;0.49290127036242537;1.1846267259047618;2.0015704186486643e-06;0.6125560087273735;2.466756247842369e-05
2026-05-14;0.8487320704696276;0.5362798113066137;1.1611843296326416;1.0147590446619368e-07;0.59108364657298;1.2759171574347526e-05
2026-05-15;0.7992984584777871;0.499211091466672;1.0993858254889024;1.7838009568485934e-07;0.5411704456116296;3.76691016771152e-05
2026-05-16;0.7267939574414731;0.4102848235119719;1.0433030913709744;6.77265209168559e-06;0.47685484306147;0.0005837200059108991
2026-05-17;0.6652956297202913;0.3175242414562008;1.013067017984382;0.00017716593529321174;0.4298635346789867;0.0040589872699383495
2026-05-18;0.6393268523869451;0.2839679551019146;0.9946857496719756;0.00042150537814568287;0.4225732725805113;0.004009038682058009
2026-05-19;0.5554651464003224;0.15849569126012075;0.9524346015405241;0.006096271450651908;0.3549266402337423;0.028614293305016386
2026-05-20;0.47217821553806033;0.03174550236139112;0.9126109287147295;0.03561702162713609;0.2984489430232618;0.08294598187933294
2026-05-21;0.3822506062495396;-0.10095810966784124;0.8654593221669205;0.12102350200346354;0.22878059433403483;0.21459425647954267
2026-05-22;0.3769908505724409;-0.07643893098204735;0.8304206321269292;0.10318937829872951;0.2205966738126974;0.21054046082506073
2026-05-23;0.3059145925996478;-0.1578047685993964;0.769633953798692;0.1960084729278181;0.16418894902263803;0.3603646923240744
2026-05-24;0.2869688298661634;-0.16300403505852123;0.736941694790848;0.2113053719094079;0.16018193527084063;0.3517931695989184
2026-05-25;0.26807622355568056;-0.17426369247740425;0.7104161395887654;0.2348961381213901;0.14946265821974736;0.37884427973957924
2026-05-26;0.24459783407454147;-0.17942660358695348;0.6686222717360364;0.2582138294897899;0.1360608813442889;0.4053733796130109
2026-05-27;0.2545192322731295;-0.13906503871530856;0.6481035032615676;0.20498597718766576;0.15615379295692827;0.30880156389947777
2026-05-28;0.24654329078975765;-0.1186979634985684;0.6117845450780837;0.18582566248027;0.16252993021247858;0.252627494130772
2026-05-29;0.23482991663691058;-0.1155510254929438;0.5852108587667649;0.1889748610750378;0.14966548836981186;0.27162562092131104
2026-05-30;0.23567603768961629;-0.09449182804425718;0.5658439034234898;0.1617946465853255;0.129542527776791;0.3183493623692296
2026-05-31;0.21122754902116103;-0.10881163176163333;0.5312667298039554;0.19580004623742198;0.1097141697488818;0.3896014165746703
2026-06-01;0.20408312934638742;-0.11335318911768086;0.5215194478104557;0.2076316669706959;0.11533252947588724;0.36206509403963727
2026-06-02;0.16671953880704884;-0.14130488069190897;0.4747439583060067;0.28875425235662255;0.10546596749135248;0.3898041363766622
2026-06-03;0.14126024649914917;-0.1585737376686138;0.4410942306669121;0.3557929155345766;0.10014829490201162;0.40070878851717784
2026-06-04;0.10783118393205088;-0.18661653917711146;0.4022789070412132;0.4728920384367197;0.08111536087836357;0.48130298226550017
2026-06-05;0.12107969208154626;-0.1524073873033839;0.39456677146647645;0.38553564542675867;0.09595624120642755;0.37896407122873244
2026-06-06;0.15260738341085942;-0.0945282682351461;0.3997430350568649;0.22616039502443552;0.11955486511187048;0.2456692565469758
2026-06-07;0.14108938038729837;-0.09977982132747351;0.38195858210207023;0.2509388430276299;0.11216752091305235;0.27211230870064607
2026-06-08;0.14284704981045981;-0.09704310009879272;0.3827371997197123;0.24316254184658215;0.11285154554410737;0.2691503398689937
2026-06-09;0.15107485671310233;-0.0814223575217726;0.3835720709479773;0.2028078550915553;0.1240208302058395;0.20937117763909752
2026-06-10;0.12106528764487072;-0.09961013239905035;0.3417407076887918;0.28224918867204296;0.09448972069218128;0.34358994183887326
2026-06-11;0.10918363474590012;-0.10038753784601337;0.3187548073378136;0.3071916926179348;0.10101177649778212;0.2734915585460318
2026-06-12;0.03259246063431241;-0.18172130701290695;0.2469062282815318;0.7656471805711638;0.05233631913450995;0.6091889918171782
2026-06-13;0.06460500843068859;-0.1313892250830947;0.26059924194447187;0.5182346108327326;0.1489359571630484;0.09098667388585122
2026-06-14;0.08179703579619409;-0.12393490960490212;0.2875289811972903;0.43581651172097136;0.1598813261670669;0.09310927987437628
2026-06-15;0.023189745819075302;-0.17327036253903286;0.21964985417718344;0.8170395220653803;0.10299893627975834;0.22018120238649208
2026-06-16;-0.008301686636371828;-0.19745732814457834;0.1808539548718347;0.9314499404961878;0.06466041642022034;0.42685818586046176
2026-06-17;-0.0667378709900934;-0.2610807895006826;0.1276050475204958;0.5009032856613231;0.02097878764843856;0.8099433003270325
2026-06-18;-0.04996863547533277;-0.22979921657779395;0.12986194562712844;0.5860179779597186;0.039535096853515084;0.6187662213763914
2026-06-19;-0.06401674619190359;-0.24560998345693627;0.11757649107312909;0.4895935879574582;0.024217380704994934;0.7674814085782361
2026-06-20;-0.1072607680655683;-0.2892640395707784;0.0747425034396418;0.24805144339981278;-0.02118686567007548;0.8141724726658245
2026-06-21;-0.10193092481547197;-0.28230948329961303;0.07844763366866905;0.26804101993673746;-0.013177516816602376;0.8796534874938924
2026-06-22;-0.12292136703622457;-0.31051298266357796;0.06467024859112881;0.1990333386072357;-0.034361471970125665;0.7089447634245513
2026-06-23;-0.11109231345901799;-0.29869248259077796;0.07650785567274196;0.24577819511386978;-0.017478063652743795;0.8388691214084456
2026-06-24;-0.12203231182331378;-0.31560571051212405;0.07154108686549648;0.2165995236105095;-0.005135683873861302;0.9535218901305603
2026-06-25;-0.1413200613593676;-0.3363863010973085;0.05374617837857329;0.15561774071395162;-0.02259016453866487;0.7967804127336642
2026-06-26;-0.13127468367987655;-0.3478709344511949;0.08532156709144181;0.2348660903055526;0.011699367370791925;0.9064337988100118
2026-06-27;-0.1542903343418363;-0.3757537769359814;0.06717310825230877;0.17209492566115725;-0.02998530024281187;0.7509139269283922
2026-06-28;-0.1889056004716077;-0.40722133871743027;0.029410137774214834;0.08989326684675489;-0.06803881408768349;0.46641414400520687
2026-06-29;-0.21938283044754756;-0.43788539468393706;-0.0008802662111580262;0.04907999170871674;-0.0871640013659231;0.3586429807336563
2026-06-30;-0.2392851639530853;-0.45789692892192024;-0.02067339898425033;0.03192481096345406;-0.09504325965482001;0.33654007120121343
2026-07-01;-0.2713685176836304;-0.48440305683962087;-0.05833397852763994;0.012535668180738924;-0.1354728642337472;0.15824970365765323
2026-07-02;-0.30337112277670863;-0.5084480562963513;-0.09829418925706601;0.003738349061492295;-0.1522071063988877;0.11626483662630857
2026-07-03;-0.3315336425189386;-0.5303672601342388;-0.13270002490363836;0.0010827634826855782;-0.1852479296876929;0.05307876172467224
2026-07-04;-0.3255631544180034;-0.5442925614035484;-0.1068337474324583;0.0035305279379006477;-0.192279667221388;0.06057576277693182
2026-07-05;-0.40291594479111115;-0.5784180859453294;-0.2274138036368929;6.803435229276876e-06;-0.2893498731074665;0.00011134478890468573
2026-07-06;-0.40032018016618126;-0.5840786259834105;-0.21656173434895196;1.955732006400468e-05;-0.2765938766099626;0.0006250294011492667
2026-07-07;-0.4207813903432271;-0.5966038076347626;-0.24495897305169156;2.7226200601021855e-06;-0.31247524105413593;3.375214858364636e-05
2026-07-08;-0.411538038140896;-0.5887889145201666;-0.2342871617616255;5.346918265589944e-06;-0.3251547360999128;3.519861564676418e-05
2026-07-09;-0.34710236723104126;-0.5605699834283243;-0.13363475103375821;0.001437582954056249;-0.25404827322967827;0.009924046366191415
2026-07-10;-0.3656051723538559;-0.5740804449507656;-0.15712989975694625;0.0005876060214275686;-0.27109582858801895;0.006545378235618206
2026-07-11;-0.38083364854865814;-0.5827473962423417;-0.17891990085497453;0.0002183375829555698;-0.32487112857374284;5.365136019672279e-05
2026-07-12;-0.3771483775057291;-0.5921867546016146;-0.16211000040984364;0.0005869454186522117;-0.33511080097433865;2.56033900280312e-05
2026-07-13;-0.35882504416030564;-0.581547776942468;-0.13610231137814333;0.0015900561221958381;-0.3432979813188272;8.035245108811823e-06
2026-07-14;-0.33417548127164437;-0.5679486708767904;-0.10040229166649842;0.005081956629764162;-0.2972275730965973;0.0006137214470319264
2026-07-15;-0.31757941191715316;-0.5545600385154767;-0.08059878531882952;0.00862401521440741;-0.27547542101932415;0.0037524453448240552
